{"cameraMode":{"drawMode":0,"name":"Shaded","section":"Shading Mode"},"sceneLighting":false,"audioPlay":false,"sceneViewState":{"m_AlwaysRefresh":false,"showFog":true,"showSkybox":false,"showFlares":true,"showImageEffects":true,"showParticleSystems":true,"showVisualEffectGraphs":true,"m_FxEnabled":true},"in2DMode":false,"pivot":{"x":0.14544686675071717,"y":0.8420321941375732,"z":0.17437201738357545},"rotation":{"x":-0.0031953330617398025,"y":-0.7104446291923523,"z":-0.002861049259081483,"w":0.7037451863288879},"size":1.2626646757125855,"orthographic":true}