{"cameraMode":{"drawMode":0,"name":"Shaded","section":"Shading Mode"},"sceneLighting":false,"audioPlay":false,"sceneViewState":{"m_AlwaysRefresh":false,"showFog":true,"showSkybox":false,"showFlares":true,"showImageEffects":true,"showParticleSystems":true,"showVisualEffectGraphs":true,"m_FxEnabled":true},"in2DMode":false,"pivot":{"x":-0.6105766296386719,"y":1.554818868637085,"z":-0.9879301190376282},"rotation":{"x":0.5912855267524719,"y":-0.07659503817558289,"z":0.05689636617898941,"w":0.8007955551147461},"size":2.0345637798309328,"orthographic":false}